element_start,faction_mashes_road,BattleConfigurationTable
m_chances,12,1,2,3,1,1,
m_ids,region_1_master,collector_mash_regions,collector_mash_regions,collector_mash_regions,collector_mash_regions,collector_mash_chandelier,
m_types,sub_table,sub_table,sub_table,sub_table,sub_table,sub_table,
m_tags,
m_conditions,,heroes_have_trophy_inventory_1,heroes_have_trophy_inventory_2,heroes_have_trophy_inventory_3,heroes_have_trophy_equipped,stagecoach_has_collectors_chandelier_equipped,
element_end
element_start,faction_mashes_master,BattleConfigurationTable
m_chances,1,1,1,
m_ids,region_1_master,region_2_master,region_3_master,
m_types,sub_table,sub_table,sub_table,
m_tags,
m_conditions,biome_typical_equals_1,biome_typical_equals_2,biome_typical_equal_or_greater_than_3,
element_end
element_start,region_1_master,BattleConfigurationTable
m_chances,0,10,0,10,0,10,0,10,
m_ids,plague_eater_mashes_easy,plague_eater_mashes_normal,fanatic_mashes_easy,fanatic_mashes_normal,lost_battalion_mashes_easy,lost_battalion_mashes_normal,coastal_mashes_easy,coastal_mashes_normal,
m_types,sub_table,sub_table,sub_table,sub_table,sub_table,sub_table,sub_table,sub_table,
m_tags,
m_conditions,farm_biome_check,farm_biome_check,city_biome_check,city_biome_check,forest_biome_check,forest_biome_check,shroud_biome_check,shroud_biome_check,
element_end
element_start,region_2_master,BattleConfigurationTable
m_chances,0,10,10,0,10,10,0,10,10,0,10,10,
m_ids,plague_eater_mashes_easy,plague_eater_mashes_normal,plague_eater_mashes_hard,fanatic_mashes_easy,fanatic_mashes_normal,fanatic_mashes_hard,lost_battalion_mashes_easy,lost_battalion_mashes_normal,lost_battalion_mashes_hard,coastal_mashes_easy,coastal_mashes_normal,coastal_mashes_hard,
m_types,sub_table,sub_table,sub_table,sub_table,sub_table,sub_table,sub_table,sub_table,sub_table,sub_table,sub_table,sub_table,
m_tags,
m_conditions,farm_biome_check,farm_biome_check,farm_biome_check,city_biome_check,city_biome_check,city_biome_check,forest_biome_check,forest_biome_check,forest_biome_check,shroud_biome_check,shroud_biome_check,shroud_biome_check,
element_end
element_start,region_3_master,BattleConfigurationTable
m_chances,10,30,10,30,10,30,10,30,
m_ids,plague_eater_mashes_normal,plague_eater_mashes_hard,fanatic_mashes_normal,fanatic_mashes_hard,lost_battalion_mashes_normal,lost_battalion_mashes_hard,coastal_mashes_normal,coastal_mashes_hard,
m_types,sub_table,sub_table,sub_table,sub_table,sub_table,sub_table,sub_table,sub_table,
m_tags,
m_conditions,farm_biome_check,farm_biome_check,city_biome_check,city_biome_check,forest_biome_check,forest_biome_check,shroud_biome_check,shroud_biome_check,
element_end
element_start,fanatic_mashes_easy,BattleConfigurationTable
m_chances,1,1,1,1,1,1,1,1,1,1,
m_ids,fanatic_mash_101,fanatic_mash_102,fanatic_mash_103,fanatic_mash_104,fanatic_mash_105,fanatic_mash_106,fanatic_mash_107,fanatic_mash_109,fanatic_mash_110,fanatic_mash_111,
m_types,battle_config,battle_config,battle_config,battle_config,battle_config,battle_config,battle_config,battle_config,battle_config,battle_config,
m_tags,
m_conditions,biome_typical_less_than_or_equal_to_2,biome_typical_less_than_or_equal_to_2,biome_typical_less_than_or_equal_to_2,biome_typical_less_than_or_equal_to_2,biome_typical_less_than_or_equal_to_2,biome_typical_less_than_or_equal_to_2,biome_typical_less_than_or_equal_to_2,biome_typical_less_than_or_equal_to_2,biome_typical_less_than_or_equal_to_2,biome_typical_less_than_or_equal_to_2,
element_end
element_start,fanatic_mashes_normal,BattleConfigurationTable
m_chances,1,1,1,1,1,1,1,3,4,1,1,
m_ids,fanatic_mash_201,fanatic_mash_202,fanatic_mash_204,fanatic_mash_205,fanatic_mash_208,fanatic_mash_210,fanatic_mash_211,fanatic_mashes_normal_champions,fanatic_mashes_normal_champions,fanatic_mashes_normal_champions,fanatic_mashes_normal_champions,
m_types,battle_config,battle_config,battle_config,battle_config,battle_config,battle_config,battle_config,sub_table,sub_table,sub_table,sub_table,
m_tags,
m_conditions,,,,,,,,biome_typical_equal_or_greater_than_3,stagecoach_has_infernal_torch_5_equipped,biome_typical_equals_2+run_boss_is_arms,biome_typical_equals_2+run_boss_is_body,
element_end
element_start,fanatic_mashes_normal_champions,BattleConfigurationTable
m_chances,1,1,1,1,1,1,1,1,
m_ids,fanatic_mash_201C,fanatic_mash_202C,fanatic_mash_202C_2,fanatic_mash_204C,fanatic_mash_204C_2,fanatic_mash_205C,fanatic_mash_208C_2,fanatic_mash_210C_2,
m_types,battle_config,battle_config,battle_config,battle_config,battle_config,battle_config,battle_config,battle_config,
m_tags,
m_conditions,
element_end
element_start,fanatic_mashes_hard,BattleConfigurationTable
m_chances,3,3,3,3,3,3,3,14,17,7,7,8,
m_ids,fanatic_mash_301,fanatic_mash_302,fanatic_mash_303,fanatic_mash_306,fanatic_mash_307,fanatic_mash_308,fanatic_mash_309,fanatic_mashes_hard_champions,fanatic_mashes_hard_champions,fanatic_mashes_hard_champions,fanatic_mashes_hard_champions,fanatic_mashes_brutal_champions,
m_types,battle_config,battle_config,battle_config,battle_config,battle_config,battle_config,battle_config,sub_table,sub_table,sub_table,sub_table,sub_table,
m_tags,
m_conditions,biome_typical_equal_or_greater_than_2,biome_typical_equal_or_greater_than_2,biome_typical_equal_or_greater_than_2,biome_typical_equal_or_greater_than_2,biome_typical_equal_or_greater_than_2,biome_typical_equal_or_greater_than_2,biome_typical_equal_or_greater_than_2,biome_typical_equal_or_greater_than_3,stagecoach_has_infernal_torch_5_equipped,biome_typical_equals_2+run_boss_is_arms,biome_typical_equals_2+run_boss_is_body,stagecoach_has_infernal_torch_5_equipped+biome_typical_equal_or_greater_than_3,
element_end
element_start,fanatic_mashes_hard_champions,BattleConfigurationTable
m_chances,2,3,2,2,3,3,2,2,2,3,
m_ids,fanatic_mash_301C,fanatic_mash_301C_2,fanatic_mash_302C,fanatic_mash_303C,fanatic_mash_303C_2,fanatic_mash_304C_2,fanatic_mash_307C,fanatic_mash_308C,fanatic_mash_309C,fanatic_mash_309C_2,
m_types,battle_config,battle_config,battle_config,battle_config,battle_config,battle_config,battle_config,battle_config,battle_config,battle_config,
m_tags,
m_conditions,
element_end
element_start,fanatic_mashes_brutal_champions,BattleConfigurationTable
m_chances,1,1,1,1,
m_ids,fanatic_mash_BC_01,fanatic_mash_BC_02,fanatic_mash_BC_03,fanatic_mash_BC_04,
m_types,battle_config,battle_config,battle_config,battle_config,
m_tags,
m_conditions,
element_end
element_start,biome_city_dungeon_starters,BattleConfigurationTable
m_chances,1,1,1,1,1,
m_ids,city_dungeon_1a,city_dungeon_1b,city_dungeon_1c,city_dungeon_1d,city_dungeon_1e,
m_types,battle_config,battle_config,battle_config,battle_config,battle_config,
m_tags,
m_conditions,
element_end
element_start,biome_city_dungeon_round2,BattleConfigurationTable
m_chances,1,1,1,1,1,1,4,4,
m_ids,city_dungeon_2a,city_dungeon_2b,city_dungeon_2c,city_dungeon_2d,city_dungeon_2e,city_dungeon_2f,biome_city_dungeon_round2_champions,biome_city_dungeon_round2_champions,
m_types,battle_config,battle_config,battle_config,battle_config,battle_config,battle_config,sub_table,sub_table,
m_tags,
m_conditions,,,,,,,biome_typical_equal_or_greater_than_3,stagecoach_has_infernal_torch_5_equipped,
element_end
element_start,biome_city_dungeon_round2_champions,BattleConfigurationTable
m_chances,4,3,4,3,4,3,3,
m_ids,city_dungeon_2a_c,city_dungeon_2b_c2,city_dungeon_2c_c,city_dungeon_2d_c2,city_dungeon_2e_c,city_dungeon_2e_c2,city_dungeon_2f_c2,
m_types,battle_config,battle_config,battle_config,battle_config,battle_config,battle_config,battle_config,
m_tags,
m_conditions,
element_end
element_start,biome_city_dungeon_round3,BattleConfigurationTable
m_chances,7,6,1,2,
m_ids,city_dungeon_3_a,city_dungeon_3_b,city_dungeon_3_c,city_dungeon_3_d,
m_types,battle_config,battle_config,battle_config,battle_config,
m_tags,
m_conditions,
element_end
element_start,plague_eater_mashes_easy,BattleConfigurationTable
m_chances,2,2,2,2,2,2,2,2,2,2,2,
m_ids,plague_eater_mash_101,plague_eater_mash_102,plague_eater_mash_103,plague_eater_mash_104,plague_eater_mash_105,plague_eater_mash_106,plague_eater_mash_107,plague_eater_mash_108,plague_eater_mash_109,plague_eater_mash_110,plague_eater_mash_111,
m_types,battle_config,battle_config,battle_config,battle_config,battle_config,battle_config,battle_config,battle_config,battle_config,battle_config,battle_config,
m_tags,
m_conditions,biome_typical_less_than_or_equal_to_2,biome_typical_less_than_or_equal_to_2,biome_typical_less_than_or_equal_to_2,biome_typical_less_than_or_equal_to_2,biome_typical_less_than_or_equal_to_2,biome_typical_less_than_or_equal_to_2,biome_typical_less_than_or_equal_to_2,biome_typical_less_than_or_equal_to_2,biome_typical_less_than_or_equal_to_2,biome_typical_less_than_or_equal_to_2,biome_typical_less_than_or_equal_to_2,
element_end
element_start,plague_eater_mashes_normal,BattleConfigurationTable
m_chances,5,5,5,5,5,5,5,4,4,4,4,4,5,26,34,9,9,
m_ids,plague_eater_mash_201,plague_eater_mash_202,plague_eater_mash_203,plague_eater_mash_204,plague_eater_mash_205,plague_eater_mash_206,plague_eater_mash_207,plague_eater_mash_208,plague_eater_mash_209,plague_eater_mash_210,plague_eater_mash_211,plague_eater_mash_212,plague_eater_mash_213,plague_eater_mashes_normal_champions,plague_eater_mashes_normal_champions,plague_eater_mashes_normal_champions,plague_eater_mashes_normal_champions,
m_types,battle_config,battle_config,battle_config,battle_config,battle_config,battle_config,battle_config,battle_config,battle_config,battle_config,battle_config,battle_config,battle_config,sub_table,sub_table,sub_table,sub_table,
m_tags,
m_conditions,,,,,,,,,,,,,,biome_typical_equal_or_greater_than_3,stagecoach_has_infernal_torch_5_equipped,biome_typical_equals_2+run_boss_is_arms,biome_typical_equals_2+run_boss_is_body,
element_end
element_start,plague_eater_mashes_normal_champions,BattleConfigurationTable
m_chances,6,6,5,5,5,5,6,5,5,6,6,
m_ids,plague_eater_mash_201C,plague_eater_mash_202C,plague_eater_mash_202C_2,plague_eater_mash_203C_2,plague_eater_mash_205C_2,plague_eater_mash_206C_2,plague_eater_mash_210C,plague_eater_mash_210C_2,plague_eater_mash_211C_2,plague_eater_mash_212C,plague_eater_mash_213C,
m_types,battle_config,battle_config,battle_config,battle_config,battle_config,battle_config,battle_config,battle_config,battle_config,battle_config,battle_config,
m_tags,
m_conditions,
element_end
element_start,plague_eater_mashes_hard,BattleConfigurationTable
m_chances,3,3,3,3,3,3,3,3,16,20,6,6,9,
m_ids,plague_eater_mash_301,plague_eater_mash_302,plague_eater_mash_303,plague_eater_mash_304,plague_eater_mash_305,plague_eater_mash_306,plague_eater_mash_307,plague_eater_mash_308,plague_eater_mashes_hard_champions,plague_eater_mashes_hard_champions,plague_eater_mashes_hard_champions,plague_eater_mashes_hard_champions,plague_eater_mashes_brutal_champions,
m_types,battle_config,battle_config,battle_config,battle_config,battle_config,battle_config,battle_config,battle_config,sub_table,sub_table,sub_table,sub_table,sub_table,
m_tags,
m_conditions,biome_typical_equal_or_greater_than_2,biome_typical_equal_or_greater_than_2,biome_typical_equal_or_greater_than_2,biome_typical_equal_or_greater_than_2,biome_typical_equal_or_greater_than_2,biome_typical_equal_or_greater_than_2,biome_typical_equal_or_greater_than_2,biome_typical_equal_or_greater_than_2,biome_typical_equal_or_greater_than_3,stagecoach_has_infernal_torch_5_equipped,biome_typical_equals_2+run_boss_is_arms,biome_typical_equals_2+run_boss_is_body,stagecoach_has_infernal_torch_5_equipped+biome_typical_equal_or_greater_than_3,
element_end
element_start,plague_eater_mashes_hard_champions,BattleConfigurationTable
m_chances,3,3,1,1,1,1,1,1,
m_ids,plague_eater_mash_304C,plague_eater_mash_304C_B,plague_eater_mash_307C_2,plague_eater_mash_307C_2B,plague_eater_mash_308C_2,plague_eater_mash_308C_2B,plague_eater_mash_309C_2,plague_eater_mash_310C_2,
m_types,battle_config,battle_config,battle_config,battle_config,battle_config,battle_config,battle_config,battle_config,
m_tags,
m_conditions,
element_end
element_start,plague_eater_mashes_brutal_champions,BattleConfigurationTable
m_chances,1,1,1,1,
m_ids,plague_eater_mash_BC_01,plague_eater_mash_BC_02,plague_eater_mash_BC_03,plague_eater_mash_BC_04,
m_types,battle_config,battle_config,battle_config,battle_config,
m_tags,
m_conditions,
element_end
element_start,biome_farm_dungeon_starters,BattleConfigurationTable
m_chances,1,1,1,1,1,
m_ids,farm_dungeon_1a,farm_dungeon_1b,farm_dungeon_1c,farm_dungeon_1d,farm_dungeon_1e,
m_types,battle_config,battle_config,battle_config,battle_config,battle_config,
m_tags,
m_conditions,
element_end
element_start,biome_farm_dungeon_round2,BattleConfigurationTable
m_chances,3,3,3,3,3,3,3,3,3,3,3,3,3,26,26,
m_ids,farm_dungeon_2a,farm_dungeon_2b,farm_dungeon_2c,farm_dungeon_2d,farm_dungeon_2e,farm_dungeon_2f,farm_dungeon_2g,farm_dungeon_2h,farm_dungeon_2i,farm_dungeon_2j,farm_dungeon_2k,farm_dungeon_2l,farm_dungeon_2m,biome_farm_dungeon_round2_champions,biome_farm_dungeon_round2_champions,
m_types,battle_config,battle_config,battle_config,battle_config,battle_config,battle_config,battle_config,battle_config,battle_config,battle_config,battle_config,battle_config,battle_config,sub_table,sub_table,
m_tags,
m_conditions,,,,,,,,,,,,,,biome_typical_equal_or_greater_than_3,stagecoach_has_infernal_torch_5_equipped,
element_end
element_start,biome_farm_dungeon_round2_champions,BattleConfigurationTable
m_chances,9,5,5,9,9,5,5,9,5,5,5,5,5,9,
m_ids,farm_dungeon_2a_c2,farm_dungeon_2b_c,farm_dungeon_2c_c,farm_dungeon_2c_c2,farm_dungeon_2d_c2,farm_dungeon_2e_c,farm_dungeon_2f_c,farm_dungeon_2f_c2,farm_dungeon_2g_c,farm_dungeon_2i_c,farm_dungeon_2j_c,farm_dungeon_2k_c,farm_dungeon_2l_c,farm_dungeon_2l_c2,
m_types,battle_config,battle_config,battle_config,battle_config,battle_config,battle_config,battle_config,battle_config,battle_config,battle_config,battle_config,battle_config,battle_config,battle_config,
m_tags,
m_conditions,
element_end
element_start,biome_forest_mashes_hard_no_shared,BattleConfigurationTable
m_chances,1,
m_ids,lost_battalion_mashes_hard,
m_types,sub_table,
m_tags,
m_conditions,
element_end
element_start,lost_battalion_mashes_easy,BattleConfigurationTable
m_chances,2,2,
m_ids,lost_battalion_mash_102,lost_battalion_mash_104,
m_types,battle_config,battle_config,
m_tags,
m_conditions,biome_typical_less_than_or_equal_to_2,biome_typical_less_than_or_equal_to_2,
element_end
element_start,lost_battalion_mashes_normal,BattleConfigurationTable
m_chances,3,3,3,3,3,3,3,3,3,3,3,3,3,3,3,3,3,3,3,25,32,10,10,
m_ids,lost_battalion_mash_201,lost_battalion_mash_202,lost_battalion_mash_203,lost_battalion_mash_204,lost_battalion_mash_205,lost_battalion_mash_206,lost_battalion_mash_207,lost_battalion_mash_208,lost_battalion_mash_209,lost_battalion_mash_210,lost_battalion_mash_211,lost_battalion_mash_212,lost_battalion_mash_213,lost_battalion_mash_214,lost_battalion_mash_215,lost_battalion_mash_216,lost_battalion_mash_217,lost_battalion_mash_218,lost_battalion_mash_219,lost_battalion_mashes_normal_champions,lost_battalion_mashes_normal_champions,lost_battalion_mashes_normal_champions,lost_battalion_mashes_normal_champions,
m_types,battle_config,battle_config,battle_config,battle_config,battle_config,battle_config,battle_config,battle_config,battle_config,battle_config,battle_config,battle_config,battle_config,battle_config,battle_config,battle_config,battle_config,battle_config,battle_config,sub_table,sub_table,sub_table,sub_table,
m_tags,
m_conditions,,,,,,,,,,,,,,,,,,,,biome_typical_equal_or_greater_than_3,stagecoach_has_infernal_torch_5_equipped,biome_typical_equals_2+run_boss_is_arms,biome_typical_equals_2+run_boss_is_body,
element_end
element_start,lost_battalion_mashes_normal_champions,BattleConfigurationTable
m_chances,1,1,8,1,1,1,1,1,1,1,1,1,1,
m_ids,lost_battalion_mash_203C,lost_battalion_mash_204C,lost_battalion_mash_205C_2,lost_battalion_mash_207C,lost_battalion_mash_209C,lost_battalion_mash_211C,lost_battalion_mash_213C,lost_battalion_mash_214C,lost_battalion_mash_215C,lost_battalion_mash_216C,lost_battalion_mash_217C,lost_battalion_mash_218C,lost_battalion_mash_219C,
m_types,battle_config,battle_config,battle_config,battle_config,battle_config,battle_config,battle_config,battle_config,battle_config,battle_config,battle_config,battle_config,battle_config,
m_tags,
m_conditions,
element_end
element_start,lost_battalion_mashes_hard,BattleConfigurationTable
m_chances,1,1,1,1,1,1,1,1,1,1,1,1,1,1,1,1,1,1,1,1,1,14,17,7,7,8,
m_ids,lost_battalion_mash_301,lost_battalion_mash_302,lost_battalion_mash_303,lost_battalion_mash_304,lost_battalion_mash_305,lost_battalion_mash_306,lost_battalion_mash_307,lost_battalion_mash_308,lost_battalion_mash_309,lost_battalion_mash_310,lost_battalion_mash_311,lost_battalion_mash_312,lost_battalion_mash_313,lost_battalion_mash_314,lost_battalion_mash_315,lost_battalion_mash_316,lost_battalion_mash_317,lost_battalion_mash_318,lost_battalion_mash_319,lost_battalion_mash_320,lost_battalion_mash_321,lost_battalion_mashes_hard_champions,lost_battalion_mashes_hard_champions,lost_battalion_mashes_hard_champions,lost_battalion_mashes_hard_champions,lost_battalion_mashes_brutal_champions,
m_types,battle_config,battle_config,battle_config,battle_config,battle_config,battle_config,battle_config,battle_config,battle_config,battle_config,battle_config,battle_config,battle_config,battle_config,battle_config,battle_config,battle_config,battle_config,battle_config,battle_config,battle_config,sub_table,sub_table,sub_table,sub_table,sub_table,
m_tags,
m_conditions,biome_typical_equal_or_greater_than_2,biome_typical_equal_or_greater_than_2,biome_typical_equal_or_greater_than_2,biome_typical_equal_or_greater_than_2,biome_typical_equal_or_greater_than_2,biome_typical_equal_or_greater_than_2,biome_typical_equal_or_greater_than_2,biome_typical_equal_or_greater_than_2,biome_typical_equal_or_greater_than_2,biome_typical_equal_or_greater_than_2,biome_typical_equal_or_greater_than_2,biome_typical_equal_or_greater_than_2,biome_typical_equal_or_greater_than_2,biome_typical_equal_or_greater_than_2,biome_typical_equal_or_greater_than_2,biome_typical_equal_or_greater_than_2,biome_typical_equal_or_greater_than_2,biome_typical_equal_or_greater_than_2,biome_typical_equal_or_greater_than_2,biome_typical_equal_or_greater_than_2,biome_typical_equal_or_greater_than_2,biome_typical_equal_or_greater_than_3,stagecoach_has_infernal_torch_5_equipped,biome_typical_equals_2+run_boss_is_arms,biome_typical_equals_2+run_boss_is_body,stagecoach_has_infernal_torch_5_equipped+biome_typical_equal_or_greater_than_3,
element_end
element_start,lost_battalion_mashes_hard_champions,BattleConfigurationTable
m_chances,11,11,12,12,11,12,12,11,12,11,12,11,12,12,12,12,12,11,11,11,11,11,11,
m_ids,lost_battalion_mash_302C,lost_battalion_mash_303C,lost_battalion_mash_303C_2,lost_battalion_mash_304C_2,lost_battalion_mash_305C,lost_battalion_mash_306C_2,lost_battalion_mash_307C_2,lost_battalion_mash_308C,lost_battalion_mash_308C_2,lost_battalion_mash_309C,lost_battalion_mash_309C_2,lost_battalion_mash_310C,lost_battalion_mash_310C_2,lost_battalion_mash_312C_2,lost_battalion_mash_313C_2,lost_battalion_mash_314C_2,lost_battalion_mash_315C_2,lost_battalion_mash_316C,lost_battalion_mash_317C,lost_battalion_mash_318C,lost_battalion_mash_319C,lost_battalion_mash_320C,lost_battalion_mash_321C,
m_types,battle_config,battle_config,battle_config,battle_config,battle_config,battle_config,battle_config,battle_config,battle_config,battle_config,battle_config,battle_config,battle_config,battle_config,battle_config,battle_config,battle_config,battle_config,battle_config,battle_config,battle_config,battle_config,battle_config,
m_tags,
m_conditions,
element_end
element_start,lost_battalion_mashes_brutal_champions,BattleConfigurationTable
m_chances,1,1,1,1,
m_ids,lost_battalion_mash_BC_01,lost_battalion_mash_BC_02,lost_battalion_mash_BC_03,lost_battalion_mash_BC_04,
m_types,battle_config,battle_config,battle_config,battle_config,
m_tags,
m_conditions,
element_end
element_start,biome_forest_dungeon_starters,BattleConfigurationTable
m_chances,1,1,1,1,1,
m_ids,forest_dungeon_1a,forest_dungeon_1b,forest_dungeon_1c,forest_dungeon_1d,forest_dungeon_1e,
m_types,battle_config,battle_config,battle_config,battle_config,battle_config,
m_tags,
m_conditions,
element_end
element_start,biome_forest_dungeon_round2,BattleConfigurationTable
m_chances,3,3,3,3,3,3,3,14,14,
m_ids,forest_dungeon_2a,forest_dungeon_2b,forest_dungeon_2c,forest_dungeon_2d,forest_dungeon_2e,forest_dungeon_2f,forest_dungeon_2g,biome_forest_dungeon_round2_champions,biome_forest_dungeon_round2_champions,
m_types,battle_config,battle_config,battle_config,battle_config,battle_config,battle_config,battle_config,sub_table,sub_table,
m_tags,
m_conditions,,,,,,,,biome_typical_equal_or_greater_than_3,stagecoach_has_infernal_torch_5_equipped,
element_end
element_start,biome_forest_dungeon_round2_champions,BattleConfigurationTable
m_chances,3,3,4,4,4,3,3,
m_ids,forest_dungeon_2a_c2,forest_dungeon_2b_c2,forest_dungeon_2e_c,forest_dungeon_2f_c,forest_dungeon_2f_c1,forest_dungeon_2f_c2,forest_dungeon_2g_c2,
m_types,battle_config,battle_config,battle_config,battle_config,battle_config,battle_config,battle_config,
m_tags,
m_conditions,
element_end
element_start,biome_coast_mashes_hard_no_shared,BattleConfigurationTable
m_chances,1,
m_ids,coastal_mashes_hard,
m_types,sub_table,
m_tags,
m_conditions,
element_end
element_start,coastal_mashes_easy,BattleConfigurationTable
m_chances,1,1,1,1,1,1,1,1,1,1,1,1,1,
m_ids,coastal_mash_101,coastal_mash_102,coastal_mash_103,coastal_mash_104,coastal_mash_106,coastal_mash_107,coastal_mash_108,coastal_mash_109,coastal_mash_110,coastal_mash_111,coastal_mash_112,coastal_mash_113,coastal_mash_114,
m_types,battle_config,battle_config,battle_config,battle_config,battle_config,battle_config,battle_config,battle_config,battle_config,battle_config,battle_config,battle_config,battle_config,
m_tags,
m_conditions,biome_typical_less_than_or_equal_to_2,biome_typical_less_than_or_equal_to_2,biome_typical_less_than_or_equal_to_2,biome_typical_less_than_or_equal_to_2,biome_typical_less_than_or_equal_to_2,biome_typical_less_than_or_equal_to_2,biome_typical_less_than_or_equal_to_2,biome_typical_less_than_or_equal_to_2,biome_typical_less_than_or_equal_to_2,biome_typical_less_than_or_equal_to_2,biome_typical_less_than_or_equal_to_2,biome_typical_less_than_or_equal_to_2,biome_typical_less_than_or_equal_to_2,
element_end
element_start,coastal_mashes_normal,BattleConfigurationTable
m_chances,1,1,1,1,1,1,1,1,1,1,1,1,5,7,2,2,
m_ids,coastal_mash_201,coastal_mash_202,coastal_mash_203,coastal_mash_204,coastal_mash_206,coastal_mash_207,coastal_mash_208,coastal_mash_209,coastal_mash_210,coastal_mash_211,coastal_mash_212,coastal_mash_215,coastal_mashes_normal_champions,coastal_mashes_normal_champions,coastal_mashes_normal_champions,coastal_mashes_normal_champions,
m_types,battle_config,battle_config,battle_config,battle_config,battle_config,battle_config,battle_config,battle_config,battle_config,battle_config,battle_config,battle_config,sub_table,sub_table,sub_table,sub_table,
m_tags,
m_conditions,,,,,,,,,,,,,biome_typical_equal_or_greater_than_3,stagecoach_has_infernal_torch_5_equipped,biome_typical_equals_2+run_boss_is_arms,biome_typical_equals_2+run_boss_is_body,
element_end
element_start,coastal_mashes_normal_champions,BattleConfigurationTable
m_chances,1,1,1,1,3,1,1,3,
m_ids,coastal_mash_201C,coastal_mash_202C,coastal_mash_203C,coastal_mash_207C,coastal_mash_209C_2,coastal_mash_210C,coastal_mash_212C,coastal_mash_215C_2,
m_types,battle_config,battle_config,battle_config,battle_config,battle_config,battle_config,battle_config,battle_config,
m_tags,
m_conditions,
element_end
element_start,coastal_mashes_hard,BattleConfigurationTable
m_chances,1,1,1,1,1,1,1,1,1,1,1,1,8,10,4,4,5,
m_ids,coastal_mash_301,coastal_mash_302,coastal_mash_303,coastal_mash_304,coastal_mash_305,coastal_mash_306,coastal_mash_307,coastal_mash_308,coastal_mash_309,coastal_mash_310,coastal_mash_311,coastal_mash_312,coastal_mashes_hard_champions,coastal_mashes_hard_champions,coastal_mashes_hard_champions,coastal_mashes_hard_champions,coastal_mashes_brutal_champions,
m_types,battle_config,battle_config,battle_config,battle_config,battle_config,battle_config,battle_config,battle_config,battle_config,battle_config,battle_config,battle_config,sub_table,sub_table,sub_table,sub_table,sub_table,
m_tags,
m_conditions,biome_typical_equal_or_greater_than_2,biome_typical_equal_or_greater_than_2,biome_typical_equal_or_greater_than_2,biome_typical_equal_or_greater_than_2,biome_typical_equal_or_greater_than_2,biome_typical_equal_or_greater_than_2,biome_typical_equal_or_greater_than_2,biome_typical_equal_or_greater_than_2,biome_typical_equal_or_greater_than_2,biome_typical_equal_or_greater_than_2,biome_typical_equal_or_greater_than_2,biome_typical_equal_or_greater_than_2,biome_typical_equal_or_greater_than_3,stagecoach_has_infernal_torch_5_equipped,biome_typical_equals_2+run_boss_is_arms,biome_typical_equals_2+run_boss_is_body,stagecoach_has_infernal_torch_5_equipped+biome_typical_equal_or_greater_than_3,
element_end
element_start,coastal_mashes_hard_champions,BattleConfigurationTable
m_chances,6,5,5,5,6,5,6,5,6,5,6,
m_ids,coastal_mash_301C_2,coastal_mash_306C,coastal_mash_307C,coastal_mash_308C,coastal_mash_308C_2,coastal_mash_309C,coastal_mash_309C_2,coastal_mash_310C,coastal_mash_311C_2,coastal_mash_312C,coastal_mash_312C_2,
m_types,battle_config,battle_config,battle_config,battle_config,battle_config,battle_config,battle_config,battle_config,battle_config,battle_config,battle_config,
m_tags,
m_conditions,
element_end
element_start,coastal_mashes_brutal_champions,BattleConfigurationTable
m_chances,1,1,1,1,
m_ids,coastal_mash_BC_01,coastal_mash_BC_02,coastal_mash_BC_03,coastal_mash_BC_04,
m_types,battle_config,battle_config,battle_config,battle_config,
m_tags,
m_conditions,
element_end
element_start,biome_coast_dungeon_starters,BattleConfigurationTable
m_chances,0,1,1,1,1,1,1,
m_ids,coast_dungeon_1a,coast_dungeon_1b,coast_dungeon_1c,coast_dungeon_1d,coast_dungeon_1e,coast_dungeon_1f,coast_dungeon_1g,
m_types,battle_config,battle_config,battle_config,battle_config,battle_config,battle_config,battle_config,
m_tags,
m_conditions,
element_end
element_start,biome_coast_dungeon_round2,BattleConfigurationTable
m_chances,3,3,3,3,3,3,3,3,16,16,
m_ids,coast_dungeon_2a,coast_dungeon_2b,coast_dungeon_2c,coast_dungeon_2d,coast_dungeon_2e,coast_dungeon_2f,coast_dungeon_2g,coast_dungeon_2h,biome_coast_dungeon_round2_champions,biome_coast_dungeon_round2_champions,
m_types,battle_config,battle_config,battle_config,battle_config,battle_config,battle_config,battle_config,battle_config,sub_table,sub_table,
m_tags,
m_conditions,,,,,,,,,biome_typical_equal_or_greater_than_3,stagecoach_has_infernal_torch_5_equipped,
element_end
element_start,biome_coast_dungeon_round2_champions,BattleConfigurationTable
m_chances,4,3,3,4,3,4,3,
m_ids,coast_dungeon_2a_c2,coast_dungeon_2d_c,coast_dungeon_2e_c,coast_dungeon_2e_c2,coast_dungeon_2f_c,coast_dungeon_2f_c2,coast_dungeon_2g_c,
m_types,battle_config,battle_config,battle_config,battle_config,battle_config,battle_config,battle_config,
m_tags,
m_conditions,
element_end
element_start,biome_cave_mashes_road,BattleConfigurationTable
m_chances,0,14,7,1,1,2,3,1,
m_ids,swine_mashes_easy,swine_mashes_normal,swine_mashes_hard,shambler,collector_region_caves,collector_region_caves,collector_region_caves,collector_region_caves,
m_types,sub_table,sub_table,sub_table,battle_config,battle_config,battle_config,battle_config,battle_config,
m_tags,
m_conditions,biome_typical_less_than_or_equal_to_2,,biome_typical_equal_or_greater_than_2,shambler_torch_threshold+biome_typical_equal_or_greater_than_2,heroes_have_trophy_inventory_1,heroes_have_trophy_inventory_2,heroes_have_trophy_inventory_3,heroes_have_trophy_equipped,
element_end
element_start,biome_cave_mashes_no_shared,BattleConfigurationTable
m_chances,0,2,1,
m_ids,swine_mashes_easy,swine_mashes_normal,swine_mashes_hard,
m_types,sub_table,sub_table,sub_table,
m_tags,
m_conditions,biome_typical_less_than_or_equal_to_2,,biome_typical_equal_or_greater_than_2,
element_end
element_start,swine_mashes_easy,BattleConfigurationTable
m_chances,1,1,1,
m_ids,swine_mash_101,swine_mash_102,swine_mash_102C,
m_types,battle_config,battle_config,battle_config,
m_tags,
m_conditions,biome_typical_less_than_or_equal_to_2,biome_typical_less_than_or_equal_to_2,biome_typical_equal_or_greater_than_2,
element_end
element_start,swine_mashes_normal,BattleConfigurationTable
m_chances,7,7,7,5,5,7,7,5,7,7,5,7,7,7,7,42,55,11,11,
m_ids,swine_mash_201,swine_mash_202,swine_mash_203,swine_mash_204,swine_mash_205,swine_mash_206,swine_mash_207,swine_mash_208,swine_mash_209,swine_mash_210,swine_mash_211,swine_mash_212,swine_mash_213,swine_mash_214,swine_mash_215,swine_mashes_normal_champions,swine_mashes_normal_champions,swine_mashes_normal_champions,swine_mashes_normal_champions,
m_types,battle_config,battle_config,battle_config,battle_config,battle_config,battle_config,battle_config,battle_config,battle_config,battle_config,battle_config,battle_config,battle_config,battle_config,battle_config,sub_table,sub_table,sub_table,sub_table,
m_tags,
m_conditions,,,,,,,,,,,,,,,,biome_typical_equal_or_greater_than_2,stagecoach_has_infernal_torch_5_equipped,biome_typical_equals_1+run_boss_is_arms,biome_typical_equals_1+run_boss_is_body,
element_end
element_start,swine_mashes_normal_champions,BattleConfigurationTable
m_chances,4,4,5,5,4,5,5,4,4,
m_ids,swine_mash_202C,swine_mash_204C,swine_mash_204C_2,swine_mash_205C_2,swine_mash_206C,swine_mash_208C_2,swine_mash_211C_2,swine_mash_212C,swine_mash_215C,
m_types,battle_config,battle_config,battle_config,battle_config,battle_config,battle_config,battle_config,battle_config,battle_config,
m_tags,
m_conditions,
element_end
element_start,swine_mashes_hard,BattleConfigurationTable
m_chances,2,1,2,1,1,1,1,2,1,2,1,1,2,2,1,1,1,2,1,1,18,22,5,5,11,
m_ids,swine_mash_301,swine_mash_302,swine_mash_303,swine_mash_304,swine_mash_305,swine_mash_306,swine_mash_307,swine_mash_308,swine_mash_309,swine_mash_310,swine_mash_311,swine_mash_312,swine_mash_313,swine_mash_314,swine_mash_315,swine_mash_316,swine_mash_317,swine_mash_318,swine_mash_319,swine_mash_320,swine_mashes_hard_champions,swine_mashes_hard_champions,swine_mashes_hard_champions,swine_mashes_hard_champions,swine_mashes_brutal_champions,
m_types,battle_config,battle_config,battle_config,battle_config,battle_config,battle_config,battle_config,battle_config,battle_config,battle_config,battle_config,battle_config,battle_config,battle_config,battle_config,battle_config,battle_config,battle_config,battle_config,battle_config,sub_table,sub_table,sub_table,sub_table,sub_table,
m_tags,
m_conditions,biome_typical_equal_or_greater_than_2,biome_typical_equal_or_greater_than_2,biome_typical_equal_or_greater_than_2,biome_typical_equal_or_greater_than_2,biome_typical_equal_or_greater_than_2,biome_typical_equal_or_greater_than_2,biome_typical_equal_or_greater_than_2,biome_typical_equal_or_greater_than_2,biome_typical_equal_or_greater_than_2,biome_typical_equal_or_greater_than_2,biome_typical_equal_or_greater_than_2,biome_typical_equal_or_greater_than_2,biome_typical_equal_or_greater_than_2,biome_typical_equal_or_greater_than_2,biome_typical_equal_or_greater_than_2,biome_typical_equal_or_greater_than_2,biome_typical_equal_or_greater_than_2,biome_typical_equal_or_greater_than_2,biome_typical_equal_or_greater_than_2,biome_typical_equal_or_greater_than_2,biome_typical_equal_or_greater_than_2,stagecoach_has_infernal_torch_5_equipped,biome_typical_equals_1+run_boss_is_arms,biome_typical_equals_1+run_boss_is_body,stagecoach_has_infernal_torch_5_equipped+biome_typical_equal_or_greater_than_2,
element_end
element_start,swine_mashes_hard_champions,BattleConfigurationTable
m_chances,3,3,2,2,2,3,2,2,3,2,2,2,3,2,2,3,2,3,3,2,
m_ids,swine_mash_202C,swine_mash_301C,swine_mash_302C_2,swine_mash_304C_2,swine_mash_305C_2,swine_mash_306C,swine_mash_306C_2,swine_mash_307C_2,swine_mash_308C,swine_mash_309C_2,swine_mash_311C_2,swine_mash_312C_2,swine_mash_313C,swine_mash_315C_2,swine_mash_316C_2,swine_mash_317C,swine_mash_317C_2,swine_mash_318C,swine_mash_320C,swine_mash_320C_2,
m_types,battle_config,battle_config,battle_config,battle_config,battle_config,battle_config,battle_config,battle_config,battle_config,battle_config,battle_config,battle_config,battle_config,battle_config,battle_config,battle_config,battle_config,battle_config,battle_config,battle_config,
m_tags,
m_conditions,
element_end
element_start,swine_mashes_brutal_champions,BattleConfigurationTable
m_chances,1,1,1,
m_ids,swine_mash_BC_01,swine_mash_BC_02,swine_mash_BC_03,
m_types,battle_config,battle_config,battle_config,
m_tags,
m_conditions,
element_end
element_start,gaunt_mashes_random,BattleConfigurationTable
m_chances,0,0,0,6,6,6,6,6,6,6,6,6,6,2,2,2,2,2,2,2,2,4,4,8,12,4,4,
m_ids,gaunt_mash_1,gaunt_mash_2,gaunt_mash_3,gaunt_mash_4,gaunt_mash_5,gaunt_mash_6,gaunt_mash_7,gaunt_mash_8,gaunt_mash_9,gaunt_mash_10,gaunt_mash_11,gaunt_mash_12,gaunt_mash_13,gaunt_ghoul_normal_1,gaunt_ghoul_normal_2,gaunt_ghoul_normal_3,gaunt_ghoul_hard_1,gaunt_ghoul_hard_2,gaunt_ghoul_hard_3,gaunt_ghoul_hard_4,gaunt_ghoul_hard_5,shambler,collector_mash_regions,collector_mash_regions,collector_mash_regions,collector_mash_regions,collector_mash_chandelier,
m_types,battle_config,battle_config,battle_config,battle_config,battle_config,battle_config,battle_config,battle_config,battle_config,battle_config,battle_config,battle_config,battle_config,battle_config,battle_config,battle_config,battle_config,battle_config,battle_config,battle_config,battle_config,battle_config,sub_table,sub_table,sub_table,sub_table,sub_table,
m_tags,
m_conditions,,,,,,,,,,,,,,biome_typical_equal_or_greater_than_2,biome_typical_equal_or_greater_than_2,biome_typical_equal_or_greater_than_2,biome_typical_equal_or_greater_than_2,biome_typical_equal_or_greater_than_2,biome_typical_equal_or_greater_than_2,biome_typical_equal_or_greater_than_2,biome_typical_equal_or_greater_than_2,shambler_torch_threshold+biome_typical_equal_or_greater_than_2,heroes_have_trophy_inventory_1,heroes_have_trophy_inventory_2,heroes_have_trophy_inventory_3,heroes_have_trophy_equipped,stagecoach_has_collectors_chandelier_equipped,
element_end
element_start,gaunt_hazard_mashes,BattleConfigurationTable
m_chances,2,2,2,1,
m_ids,gaunts_hazard_1,gaunts_hazard_2,gaunts_hazard_3,gaunts_hazard_4gg,
m_types,battle_config,battle_config,battle_config,battle_config,
m_tags,
m_conditions,
element_end
element_start,gaunt_rough_patch_mashes,BattleConfigurationTable
m_chances,2,2,2,1,
m_ids,gaunts_rough_patch_1,gaunts_rough_patch_2,gaunts_rough_patch_3,gaunts_rough_patch_4gg,
m_types,battle_config,battle_config,battle_config,battle_config,
m_tags,
m_conditions,
element_end
element_start,pillager_mashes_master,BattleConfigurationTable
m_chances,1,1,1,
m_ids,pillagers_region_1,pillagers_region_2,pillagers_region_3,
m_types,sub_table,sub_table,sub_table,
m_tags,
m_conditions,biome_typical_equals_1,biome_typical_equals_2,biome_typical_equal_or_greater_than_3,
element_end
element_start,pillagers_region_1,BattleConfigurationTable
m_chances,0,19,1,2,3,1,1,
m_ids,pillager_mashes_easy,pillager_mashes_normal,collector_region_1,collector_region_1,collector_region_1,collector_region_1,collector_mash_chandelier,
m_types,sub_table,sub_table,battle_config,battle_config,battle_config,battle_config,sub_table,
m_tags,
m_conditions,,,heroes_have_trophy_inventory_1,heroes_have_trophy_inventory_2,heroes_have_trophy_inventory_3,heroes_have_trophy_equipped,stagecoach_has_collectors_chandelier_equipped,
element_end
element_start,pillagers_region_2,BattleConfigurationTable
m_chances,0,9,9,1,1,2,3,1,1,
m_ids,pillager_mashes_easy,pillager_mashes_normal,pillager_mashes_hard,shambler,collector_region_2,collector_region_2,collector_region_2,collector_region_2,collector_mash_chandelier,
m_types,sub_table,sub_table,sub_table,battle_config,battle_config,battle_config,battle_config,battle_config,sub_table,
m_tags,
m_conditions,,,,shambler_torch_threshold+biome_typical_equal_or_greater_than_2,heroes_have_trophy_inventory_1,heroes_have_trophy_inventory_2,heroes_have_trophy_inventory_3,heroes_have_trophy_equipped,stagecoach_has_collectors_chandelier_equipped,
element_end
element_start,pillagers_region_3,BattleConfigurationTable
m_chances,6,12,1,1,2,3,1,1,
m_ids,pillager_mashes_normal,pillager_mashes_hard,shambler,collector_region_3,collector_region_3,collector_region_3,collector_region_3,collector_mash_chandelier,
m_types,sub_table,sub_table,battle_config,battle_config,battle_config,battle_config,battle_config,sub_table,
m_tags,
m_conditions,,,shambler_torch_threshold+biome_typical_equal_or_greater_than_2,heroes_have_trophy_inventory_1,heroes_have_trophy_inventory_2,heroes_have_trophy_inventory_3,heroes_have_trophy_equipped,stagecoach_has_collectors_chandelier_equipped,
element_end
element_start,pillager_mashes_easy,BattleConfigurationTable
m_chances,20,20,20,10,10,20,
m_ids,pillager_mash_101,pillager_mash_102,pillager_mash_103,pillager_mash_104,pillager_mash_105,pillager_mash_106,
m_types,battle_config,battle_config,battle_config,battle_config,battle_config,battle_config,
m_tags,
m_conditions,biome_typical_less_than_or_equal_to_2,biome_typical_less_than_or_equal_to_2,biome_typical_less_than_or_equal_to_2,biome_typical_less_than_or_equal_to_2,biome_typical_less_than_or_equal_to_2,biome_typical_less_than_or_equal_to_2,
element_end
element_start,pillager_mashes_normal,BattleConfigurationTable
m_chances,40,30,30,20,30,30,20,
m_ids,pillager_mash_201,pillager_mash_202,pillager_mash_203,pillager_mash_204,pillager_mash_205,pillager_mash_206,pillager_mash_antiq_1,
m_types,battle_config,battle_config,battle_config,battle_config,battle_config,battle_config,battle_config,
m_tags,
m_conditions,,,,,,,antiq_inventory_threshold+biome_typical_equal_or_greater_than_2,
element_end
element_start,pillager_mashes_hard,BattleConfigurationTable
m_chances,10,10,4,4,4,4,10,10,10,10,4,4,4,4,4,4,2,
m_ids,pillager_mash_301,pillager_mash_302,pillager_mash_303,pillager_mash_304,pillager_mash_305,pillager_mash_306,pillager_mash_307,pillager_mash_308,pillager_mash_309,pillager_mash_310,pillager_mash_antiq_1,pillager_mash_antiq_2,pillager_mash_antiq_3,pillager_mash_antiq_4,pillager_mash_antiq_5,pillager_mash_antiq_6,shambler,
m_types,battle_config,battle_config,battle_config,battle_config,battle_config,battle_config,battle_config,battle_config,battle_config,battle_config,battle_config,battle_config,battle_config,battle_config,battle_config,battle_config,battle_config,
m_tags,
m_conditions,biome_typical_equal_or_greater_than_2,biome_typical_equal_or_greater_than_2,biome_typical_equal_or_greater_than_2,biome_typical_equal_or_greater_than_2,biome_typical_equal_or_greater_than_2,biome_typical_equal_or_greater_than_2,biome_typical_equal_or_greater_than_2,biome_typical_equal_or_greater_than_2,biome_typical_equal_or_greater_than_2,biome_typical_equal_or_greater_than_2,antiq_inventory_threshold+biome_typical_equal_or_greater_than_2,antiq_inventory_threshold+biome_typical_equal_or_greater_than_2,antiq_inventory_threshold+biome_typical_equal_or_greater_than_2,antiq_inventory_threshold+biome_typical_equal_or_greater_than_2,antiq_inventory_threshold+biome_typical_equal_or_greater_than_2,antiq_inventory_threshold+biome_typical_equal_or_greater_than_2,shambler_torch_threshold+biome_typical_equal_or_greater_than_2,
element_end
element_start,military_mashes_master,BattleConfigurationTable
m_chances,1,1,1,
m_ids,military_region_1,military_region_2,military_region_3,
m_types,sub_table,sub_table,sub_table,
m_tags,
m_conditions,biome_typical_equals_1,biome_typical_equals_2,biome_typical_equal_or_greater_than_3,
element_end
element_start,military_region_1,BattleConfigurationTable
m_chances,99,
m_ids,military_mashes,
m_types,sub_table,
m_tags,
m_conditions,
element_end
element_start,military_region_2,BattleConfigurationTable
m_chances,17,
m_ids,military_mashes,
m_types,sub_table,
m_tags,
m_conditions,
element_end
element_start,military_region_3,BattleConfigurationTable
m_chances,12,
m_ids,military_mashes,
m_types,sub_table,
m_tags,
m_conditions,
element_end
element_start,military_mashes,BattleConfigurationTable
m_chances,1,1,1,1,
m_ids,military_mash_1,military_mash_2,military_mash_3,military_mash_4,
m_types,battle_config,battle_config,battle_config,battle_config,
m_tags,
m_conditions,
element_end
element_start,hazard_route_mashes,BattleConfigurationTable
m_chances,3,2,0,
m_ids,pillager_hazard_mashes_hard,gaunt_hazard_mashes,shambler_hazard,
m_types,sub_table,sub_table,battle_config,
m_tags,
m_conditions,has_0_stagecoach_armor,has_0_stagecoach_armor,has_0_stagecoach_armor+shambler_torch_threshold,
element_end
element_start,rough_patch_mashes,BattleConfigurationTable
m_chances,3,2,0,
m_ids,pillager_rough_patch_mashes_hard,gaunt_rough_patch_mashes,shambler_rough_patch,
m_types,sub_table,sub_table,battle_config,
m_tags,
m_conditions,has_0_stagecoach_wheels,has_0_stagecoach_wheels,has_0_stagecoach_wheels+shambler_torch_threshold,
element_end
element_start,swine_hazard_route_mashes,BattleConfigurationTable
m_chances,1,
m_ids,swine_hazard_mashes_hard,
m_types,sub_table,
m_tags,
m_conditions,has_0_stagecoach_armor,
element_end
element_start,swine_rough_patch_mashes,BattleConfigurationTable
m_chances,1,
m_ids,swine_rough_patch_mashes_hard,
m_types,sub_table,
m_tags,
m_conditions,has_0_stagecoach_wheels,
element_end
element_start,pillager_hazard_mashes_hard,BattleConfigurationTable
m_chances,5,5,2,2,2,2,5,5,5,5,2,2,2,2,2,2,
m_ids,pillager_hazard_mash_301,pillager_hazard_mash_302,pillager_hazard_mash_303,pillager_hazard_mash_304,pillager_hazard_mash_305,pillager_hazard_mash_306,pillager_hazard_mash_307,pillager_hazard_mash_308,pillager_hazard_mash_309,pillager_hazard_mash_310,pillager_hazard_mash_antiq_1,pillager_hazard_mash_antiq_2,pillager_hazard_mash_antiq_3,pillager_hazard_mash_antiq_4,pillager_hazard_mash_antiq_5,pillager_hazard_mash_antiq_6,
m_types,battle_config,battle_config,battle_config,battle_config,battle_config,battle_config,battle_config,battle_config,battle_config,battle_config,battle_config,battle_config,battle_config,battle_config,battle_config,battle_config,
m_tags,
m_conditions,,,,,,,,,,,,,,,,,
element_end
element_start,pillager_rough_patch_mashes_hard,BattleConfigurationTable
m_chances,5,5,2,2,2,2,5,5,5,5,2,2,2,2,2,2,
m_ids,pillager_rough_patch_mash_301,pillager_rough_patch_mash_302,pillager_rough_patch_mash_303,pillager_rough_patch_mash_304,pillager_rough_patch_mash_305,pillager_rough_patch_mash_306,pillager_rough_patch_mash_307,pillager_rough_patch_mash_308,pillager_rough_patch_mash_309,pillager_rough_patch_mash_310,pillager_rough_patch_mash_antiq_1,pillager_rough_patch_mash_antiq_2,pillager_rough_patch_mash_antiq_3,pillager_rough_patch_mash_antiq_4,pillager_rough_patch_mash_antiq_5,pillager_rough_patch_mash_antiq_6,
m_types,battle_config,battle_config,battle_config,battle_config,battle_config,battle_config,battle_config,battle_config,battle_config,battle_config,battle_config,battle_config,battle_config,battle_config,battle_config,battle_config,
m_tags,
m_conditions,,,,,,,,,,,,,,,,,
element_end
element_start,swine_hazard_mashes_hard,BattleConfigurationTable
m_chances,5,5,5,2,2,2,2,3,3,3,2,2,2,2,
m_ids,swine_hazard_mash_301,swine_hazard_mash_302,swine_hazard_mash_303,swine_hazard_mash_304,swine_hazard_mash_305,swine_hazard_mash_306,swine_hazard_mash_307,swine_hazard_mash_301C,swine_hazard_mash_302C,swine_hazard_mash_303C,swine_hazard_mash_304C_2,swine_hazard_mash_305C_2,swine_hazard_mash_306C,swine_hazard_mash_307C,
m_types,battle_config,battle_config,battle_config,battle_config,battle_config,battle_config,battle_config,battle_config,battle_config,battle_config,battle_config,battle_config,battle_config,battle_config,
m_tags,
m_conditions,,,,,,,,biome_typical_equal_or_greater_than_2,biome_typical_equal_or_greater_than_2,biome_typical_equal_or_greater_than_2,biome_typical_equal_or_greater_than_2,biome_typical_equal_or_greater_than_2,biome_typical_equal_or_greater_than_2,biome_typical_equal_or_greater_than_2,
element_end
element_start,swine_rough_patch_mashes_hard,BattleConfigurationTable
m_chances,5,5,5,2,2,2,2,3,3,3,2,2,2,2,
m_ids,swine_rough_patch_mash_301,swine_rough_patch_mash_302,swine_rough_patch_mash_303,swine_rough_patch_mash_304,swine_rough_patch_mash_305,swine_rough_patch_mash_306,swine_rough_patch_mash_307,swine_rough_patch_mash_301C,swine_rough_patch_mash_302C,swine_rough_patch_mash_303C,swine_rough_patch_mash_304C_2,swine_rough_patch_mash_305C_2,swine_rough_patch_mash_306C,swine_rough_patch_mash_307C,
m_types,battle_config,battle_config,battle_config,battle_config,battle_config,battle_config,battle_config,battle_config,battle_config,battle_config,battle_config,battle_config,battle_config,battle_config,
m_tags,
m_conditions,,,,,,,,biome_typical_equal_or_greater_than_2,biome_typical_equal_or_greater_than_2,biome_typical_equal_or_greater_than_2,biome_typical_equal_or_greater_than_2,biome_typical_equal_or_greater_than_2,biome_typical_equal_or_greater_than_2,biome_typical_equal_or_greater_than_2,
element_end
element_start,beast_mashes_creature_den,BattleConfigurationTable
m_chances,3,
m_ids,beast_mashes_normal,
m_types,sub_table,
m_tags,
m_conditions,
element_end
element_start,beast_mashes_normal,BattleConfigurationTable
m_chances,2,2,2,2,2,1,1,2,1,1,
m_ids,rabies_train,spitting_distance,carrion_crew,pest_control,hookworms,vermin_mix,vermin_mix_2,hookworms_c,vermin_mix_c,vermin_mix_2_c,
m_types,battle_config,battle_config,battle_config,battle_config,battle_config,battle_config,battle_config,battle_config,battle_config,battle_config,
m_tags,
m_conditions,,,,,,,,biome_typical_equal_or_greater_than_3,biome_typical_equal_or_greater_than_3,biome_typical_equal_or_greater_than_3,
element_end
element_start,beast_mashes_hard,BattleConfigurationTable
m_chances,2,1,1,2,2,2,2,1,1,1,1,2,2,
m_ids,classic_spiders,carrion_my_wayward_son,carrion_my_wayward_son_2,beasts_301,beasts_302,jaws_and_paws,webslingers,rabies_train_c,rabies_train_2_c,jaws_and_paws_c,jaws_and_paws_2_c,carrion_my_wayward_son_c,bark_and_mark_c,
m_types,battle_config,battle_config,battle_config,battle_config,battle_config,battle_config,battle_config,battle_config,battle_config,battle_config,battle_config,battle_config,battle_config,
m_tags,
m_conditions,,,,,,,,biome_typical_equal_or_greater_than_3,biome_typical_equal_or_greater_than_3,biome_typical_equal_or_greater_than_3,biome_typical_equal_or_greater_than_3,biome_typical_equal_or_greater_than_3,biome_typical_equal_or_greater_than_3,
element_end
element_start,chirurgeon_mashes_surgeon_node,BattleConfigurationTable
m_chances,1,
m_ids,surgeon_node_mashes,
m_types,sub_table,
m_tags,
m_conditions,
element_end
element_start,surgeon_node_mashes,BattleConfigurationTable
m_chances,1,1,1,1,1,1,1,1,1,
m_ids,surgeon_gaunt_101a,surgeon_gaunt_102a,surgeon_gaunt_103a,surgeon_gaunt_104a,surgeon_gaunt_101b,surgeon_gaunt_102b,surgeon_gaunt_103b,surgeon_gaunt_104b,surgeon_gaunt_105b,
m_types,battle_config,battle_config,battle_config,battle_config,battle_config,battle_config,battle_config,battle_config,battle_config,
m_tags,
m_conditions,
element_end
element_start,surgeon_node_mashes_a,BattleConfigurationTable
m_chances,1,1,1,1,1,1,
m_ids,surgeon_gaunt_201a,surgeon_gaunt_202a,surgeon_gaunt_203a,surgeon_gaunt_204a,surgeon_gaunt_205a,surgeon_gaunt_206a,
m_types,battle_config,battle_config,battle_config,battle_config,battle_config,battle_config,
m_tags,
m_conditions,
element_end
element_start,surgeon_node_mashes_b,BattleConfigurationTable
m_chances,1,1,1,1,
m_ids,surgeon_gaunt_201b,surgeon_gaunt_202b,surgeon_gaunt_203b,surgeon_gaunt_204b,
m_types,battle_config,battle_config,battle_config,battle_config,
m_tags,
m_conditions,
element_end
element_start,cultist_territory_mashes,BattleConfigurationTable
m_chances,3,3,3,3,3,3,3,3,1,1,1,1,
m_ids,cultist_mash_1,cultist_mash_2,cultist_mash_3,cultist_mash_4,cultist_mash_5,cultist_mash_6,cultist_mash_7,cultist_mash_8,cultist_mash_9,cultist_mash_10,cultist_mash_11,cultist_mash_12,
m_types,battle_config,battle_config,battle_config,battle_config,battle_config,battle_config,battle_config,battle_config,battle_config,battle_config,battle_config,battle_config,
m_tags,
m_conditions,,biome_typical_equal_or_greater_than_2,biome_typical_equal_or_greater_than_2,biome_typical_equal_or_greater_than_2,biome_typical_equal_or_greater_than_2,,,,biome_typical_equal_or_greater_than_2,biome_typical_equal_or_greater_than_2,biome_typical_equal_or_greater_than_2,biome_typical_equal_or_greater_than_2,
element_end
element_start,cultist_doom_mashes,BattleConfigurationTable
m_chances,1,1,1,1,
m_ids,cultist_doom_mash_1,cultist_doom_mash_2,cultist_doom_mash_3,cultist_doom_mash_4,
m_types,battle_config,battle_config,battle_config,battle_config,
m_tags,
m_conditions,,biome_typical_equal_or_greater_than_2,
element_end
element_start,cultist_zero_flame_ambush_mashes,BattleConfigurationTable
m_chances,1,1,1,
m_ids,cultist_ambush_confession_high,cultist_ambush_confession_medium,cultist_ambush_confession_low,
m_types,sub_table,sub_table,sub_table,
m_tags,
m_conditions,run_boss_is_body,run_boss_is_not_brain+run_boss_is_not_lungs+run_boss_is_not_body,run_boss_is_not_eyes+run_boss_is_not_arms+run_boss_is_not_body,
element_end
element_start,cultist_territory_mashes_mountain_1,BattleConfigurationTable
m_chances,1,1,1,1,1,1,1,
m_ids,cultist_mountain_1_1,cultist_mountain_1_2,cultist_mountain_1_3,cultist_mountain_1_4,cultist_mountain_1_5,cultist_mountain_1_6,cultist_mountain_1_7,
m_types,battle_config,battle_config,battle_config,battle_config,battle_config,battle_config,battle_config,
m_tags,
m_conditions,
element_end
element_start,cultist_territory_mashes_mountain_2,BattleConfigurationTable
m_chances,1,1,1,1,1,
m_ids,cultist_mountain_2_1,cultist_mountain_2_2,cultist_mountain_2_3,cultist_mountain_2_4,cultist_mountain_2_5,
m_types,battle_config,battle_config,battle_config,battle_config,battle_config,
m_tags,
m_conditions,
element_end
element_start,cultist_guardian_biome_bosses,BattleConfigurationTable
m_chances,1,6,5,1,
m_ids,cultist_guardian_biome_1_boss,cultist_guardian_biome_2_boss_deacon,cultist_guardian_biome_2_boss_cardinal,cultist_guardian_biome_2_boss_cardinal,
m_types,sub_table,sub_table,sub_table,sub_table,
m_tags,
m_conditions,biome_typical_equals_1,biome_typical_equals_2,biome_typical_equals_2+run_boss_is_not_lungs,
element_end
element_start,cultist_guardian_biome_1_boss,BattleConfigurationTable
m_chances,1,3,3,3,3,
m_ids,cultist_guardian_biome_1_altar_1,cultist_guardian_biome_1_altar_2,cultist_guardian_biome_1_altar_3,cultist_guardian_biome_1_altar_4,cultist_guardian_biome_1_altar_5,
m_types,battle_config,battle_config,battle_config,battle_config,battle_config,
m_tags,
m_conditions,
element_end
element_start,cultist_guardian_biome_2_boss_deacon,BattleConfigurationTable
m_chances,1,1,1,1,1,
m_ids,cultist_guardian_biome_1_boss_1,cultist_guardian_biome_1_boss_2,cultist_guardian_biome_1_boss_3,cultist_guardian_biome_1_boss_4,cultist_guardian_biome_1_boss_5,
m_types,battle_config,battle_config,battle_config,battle_config,battle_config,
m_tags,
m_conditions,
element_end
element_start,cultist_guardian_biome_2_boss_cardinal,BattleConfigurationTable
m_chances,15,15,1,1,1,99999999999999,
m_ids,cultist_guardian_biome_2_boss_1,cultist_guardian_biome_2_boss_2,cultist_guardian_biome_2_boss_3,cultist_guardian_biome_2_boss_4,cultist_guardian_biome_2_boss_5,cultist_guardian_biome_3_boss_1,
m_types,battle_config,battle_config,battle_config,battle_config,battle_config,battle_config,
m_tags,
m_conditions,,,,,,biome_typical_equal_or_greater_than_3+run_boss_is_brain,
element_end
element_start,cultist_guardian_biome_3_boss,BattleConfigurationTable
m_chances,1,
m_ids,cultist_guardian_biome_3_boss_1,
m_types,battle_config,
m_tags,
m_conditions,
element_end
element_start,cultist_ambush_confession_low,BattleConfigurationTable
m_chances,1,1,1,1,1,1,1,1,1,1,1,1,
m_ids,cultist_torch_ambush_low_1,cultist_torch_ambush_low_2,cultist_torch_ambush_low_3,cultist_torch_ambush_low_4,cultist_torch_ambush_low_5,cultist_torch_ambush_low_6,cultist_torch_ambush_low_7,cultist_torch_ambush_low_8,cultist_torch_ambush_low_9,cultist_torch_ambush_low_10,cultist_torch_ambush_low_11,cultist_torch_ambush_low_12,
m_types,battle_config,battle_config,battle_config,battle_config,battle_config,battle_config,battle_config,battle_config,battle_config,battle_config,battle_config,battle_config,
m_tags,
m_conditions,,biome_typical_equal_or_greater_than_2,biome_typical_equal_or_greater_than_2,biome_typical_equal_or_greater_than_2,biome_typical_equal_or_greater_than_2,,,,biome_typical_equal_or_greater_than_2,biome_typical_equal_or_greater_than_2,biome_typical_equal_or_greater_than_2,biome_typical_equal_or_greater_than_2,
element_end
element_start,cultist_ambush_confession_medium,BattleConfigurationTable
m_chances,1,1,1,1,1,1,1,1,1,1,
m_ids,cultist_torch_ambush_1,cultist_torch_ambush_2,cultist_torch_ambush_3,cultist_torch_ambush_4,cultist_torch_ambush_5,cultist_torch_ambush_6,cultist_torch_ambush_7,cultist_torch_ambush_8,cultist_torch_ambush_9,cultist_torch_ambush_10,
m_types,battle_config,battle_config,battle_config,battle_config,battle_config,battle_config,battle_config,battle_config,battle_config,battle_config,
m_tags,
m_conditions,biome_typical_equal_or_greater_than_2,biome_typical_equal_or_greater_than_2,biome_typical_equal_or_greater_than_2,biome_typical_equal_or_greater_than_2,,biome_typical_equal_or_greater_than_2,,biome_typical_equal_or_greater_than_2,
element_end
element_start,cultist_ambush_confession_high,BattleConfigurationTable
m_chances,1,1,1,1,
m_ids,cultist_doom_mash_1,cultist_doom_mash_2,cultist_doom_mash_3,cultist_doom_mash_4,
m_types,battle_config,battle_config,battle_config,battle_config,
m_tags,
m_conditions,,biome_typical_equal_or_greater_than_2,
element_end
element_start,intro_valley_road_mashes,BattleConfigurationTable
m_chances,1,1,
m_ids,intro_valley_gaunts_1,intro_valley_second_fight,
m_types,battle_config,sub_table,
m_tags,
m_conditions,candles_equal_0,candles_more_than_0,
element_end
element_start,intro_valley_second_fight,BattleConfigurationTable
m_chances,1,1,1,
m_ids,intro_valley_gaunts_2,intro_valley_gaunts_3,intro_valley_gaunts_4,
m_types,battle_config,battle_config,battle_config,
m_tags,
m_conditions,
element_end
element_start,valley_road_mashes,BattleConfigurationTable
m_chances,3,3,3,2,3,2,0,0,0,0,2,2,0,0,2,0,0,
m_ids,valley_gaunts_1,valley_gaunts_2,valley_gaunts_3,valley_gaunts_4,valley_gaunts_5,valley_gaunts_6,valley_gaunts_7,valley_gaunts_8,valley_gaunts_9,valley_gaunts_10,valley_gaunts_11,valley_gaunts_12,valley_gaunts_13,valley_gaunts_14,valley_gaunts_15,valley_gaunts_16,shambler,
m_types,battle_config,battle_config,battle_config,battle_config,battle_config,battle_config,battle_config,battle_config,battle_config,battle_config,battle_config,battle_config,battle_config,battle_config,battle_config,battle_config,battle_config,
m_tags,
m_conditions,
element_end
element_start,shambler_mash,BattleConfigurationTable
m_chances,1,
m_ids,shambler,
m_types,battle_config,
m_tags,
m_conditions,
element_end
element_start,death_mashes,BattleConfigurationTable
m_chances,6,94,
m_ids,death_1,nothing,
m_types,battle_config,nothing,
m_tags,death,
m_conditions,hero_party_has_flagellant,
element_end
element_start,collector_mash_regions,BattleConfigurationTable
m_chances,1,1,1,
m_ids,collector_region_1,collector_region_2,collector_region_3,
m_types,battle_config,battle_config,battle_config,
m_tags,
m_conditions,biome_typical_equals_1,biome_typical_equals_2,biome_typical_equal_or_greater_than_3,
element_end
element_start,collector_mash_chandelier,BattleConfigurationTable
m_chances,1,1,
m_ids,collector_mash_regions,collector_mash_regions,
m_types,sub_table,sub_table,
m_tags,
m_conditions,heroes_have_trophy_inventory,heroes_have_trophy_equipped,
element_end
element_start,mountain_boss_table_brain,BattleConfigurationTable
m_chances,1,1,1,1,1,
m_ids,mountain_boss_brain,mountain_boss_brain_2,mountain_boss_brain_3,mountain_boss_brain_4,mountain_boss_brain_5,
m_types,battle_config,battle_config,battle_config,battle_config,battle_config,
m_tags,
m_conditions,
element_end
element_start,mountain_boss_table_lungs,BattleConfigurationTable
m_chances,1,
m_ids,mountain_boss_lungs,
m_types,battle_config,
m_tags,
m_conditions,
element_end
element_start,mountain_boss_table_eyes,BattleConfigurationTable
m_chances,1,
m_ids,mountain_boss_eyes,
m_types,battle_config,
m_tags,
m_conditions,
element_end
element_start,mountain_boss_table_eyes_phase_2,BattleConfigurationTable
m_chances,1,
m_ids,mountain_boss_eyes_phase_2,
m_types,battle_config,
m_tags,
m_conditions,
element_end
element_start,mountain_boss_table_arms,BattleConfigurationTable
m_chances,1,
m_ids,mountain_boss_arms,
m_types,battle_config,
m_tags,
m_conditions,
element_end
element_start,mountain_boss_table_body,BattleConfigurationTable
m_chances,1,
m_ids,mountain_boss_body,
m_types,battle_config,
m_tags,
m_conditions,
element_end
