element_start,cultist_deacon_corpse,ActorDataClass
m_Tags,corpse,monster,
m_IsBattleComplete,True,
m_ClearContainerTypes,BuffContainer,TokenContainer,DotContainer,
m_Size,2,
m_IgnoredSkillAttributeTypes,TOKEN_ADD,BUFF_ADD,QUIRK_ADD,
m_IsTickTriggerValid,False,
m_SkillBlockId,corpse,
m_DeathRound,3,
m_TokenViewValid,False,
m_IsEffectsReasonValid,False,
element_end
element_start,cultist_deacon_corpse,ActorDataStats
key_map,health_max,
add_stats,23,
sub_stat,resistance,stun,0.4,
sub_stat,resistance,blight,0.2,
sub_stat,resistance,bleed,0.2,
sub_stat,resistance,burn,0.2,
sub_stat,resistance,disease,0.2,
sub_stat,resistance,move,0.4,
sub_stat,resistance,debuff,0.4,
element_end
element_start,cultist_deacon,ActorDataClass
m_Tags,monster,boss,cosmic,worshipped,cultist,brain_blessing,lungs_blessing,eyes_blessing,arms_blessing,final_blessing,
m_Size,2,
m_IsTickTriggerValid,True,
m_IsStressTriggerValid,True,
m_IsStartRoundSkillsCounted,False,
m_IsStallCounted,True,
element_end
element_start,cultist_deacon,ActorDataStats
key_map,health_max,speed,speed_number_of_turns,
add_stats,41,2,1,
sub_stat,resistance,stun,0.4,
sub_stat,resistance,blight,0.2,
sub_stat,resistance,bleed,0.2,
sub_stat,resistance,burn,0.2,
sub_stat,resistance,disease,0.2,
sub_stat,resistance,move,0.4,
sub_stat,resistance,debuff,0.4,
element_end
element_start,cultist_deacon,ActorDataEffects
spawn_effects,add_1_logic_a,cultist_cardinal_bonus_resist_listener_e,cultist_cardinal_bonus_resist_remover_e,add_2_deaths_door_armor,add_1_deaths_door_infernal_flame,
turn_skip_effects,stun_temp_resist_buff_e,
deaths_door_exit_effects,add_1_deaths_door_armor,
element_end
element_start,deacon_exultation,ActorDataSkill
m_IsFriendly,False,
launch_ranks,1,2,3,4,
target_ranks,1,2,
m_IsMultiHit,False,
m_AllConditionIds,performer_can_worship,
m_CanBeRiposted,True,
m_AverageRankIgnored,False,
m_IsForced,True,
m_IsBlockPass,True,
m_ValidActOutTypes,skill_before,skill_after,skill_additional,
m_Tags,melee,deacon_exultation,
m_IsStallInvalidating,False,
element_end
element_start,deacon_exultation,ActorDataStats
key_map,health_damage,health_damage_range,crit_chance,
add_stats,15,10,0.05,
element_end
element_start,deacon_exultation,ActorDataEffects
target_effects,skill_dot_super_massive_bleed,stress_damage_4,stress_damage_1_50pct,
performer_team_effects,add_1_dodge_plus,
performer_after_target_effects,remove_all_worship,add_1_deaths_door_armor,
element_end
element_start,deacon_sundering_steel,ActorDataSkill
m_IsFriendly,False,
launch_ranks,1,2,
target_ranks,1,2,
m_IsMultiHit,False,
m_CanBeRiposted,True,
m_AverageRankIgnored,False,
m_ValidActOutTypes,skill_before,skill_after,skill_additional,
m_Tags,melee,deacon_sundering_steel,
m_IsStallInvalidating,False,
element_end
element_start,deacon_sundering_steel,ActorDataStats
key_map,health_damage,health_damage_range,crit_chance,
add_stats,8,8,0.05,
element_end
element_start,deacon_sundering_steel,ActorDataEffects
target_effects,stress_damage_2,remove_all_block,remove_all_block_plus,
element_end
element_start,deacon_weight_of_worlds,ActorDataSkill
m_IsFriendly,False,
launch_ranks,1,2,3,4,
target_ranks,1,2,3,4,
m_IsMultiHit,True,
m_Cooldown,2,
m_CanBeRiposted,True,
m_AverageRankIgnored,False,
m_ValidActOutTypes,skill_before,skill_after,skill_additional,
m_Tags,ranged,deacon_weight_of_worlds,
m_IsStallInvalidating,False,
element_end
element_start,deacon_weight_of_worlds,ActorDataStats
key_map,health_damage,health_damage_range,crit_chance,
add_stats,2,3,0.05,
element_end
element_start,deacon_weight_of_worlds,ActorDataEffects
target_effects,stress_damage_1,stress_damage_1_50pct,add_1_immobilize,
element_end
element_start,deacon_flesh_from_bone,ActorDataSkill
m_IsFriendly,False,
launch_ranks,3,4,
target_ranks,1,2,
m_IsMultiHit,False,
m_CanBeRiposted,True,
m_AverageRankIgnored,False,
m_ValidActOutTypes,skill_before,skill_after,skill_additional,
m_Tags,melee,deacon_flesh_from_bone,
m_IsStallInvalidating,False,
element_end
element_start,deacon_flesh_from_bone,ActorDataStats
key_map,health_damage,health_damage_range,crit_chance,
add_stats,6,3,0.05,
element_end
element_start,deacon_flesh_from_bone,ActorDataEffects
target_effects,skill_dot_very_large_bleed,
element_end
element_start,deacon_the_flesh_warps,ActorDataSkill
m_IsFriendly,True,
m_IsFriendlySelfTargetValid,True,
launch_ranks,1,2,3,4,
m_IsMultiHit,False,
m_AllConditionIds,performer_has_1_logic_a,
m_AverageRankIgnored,False,
m_Tags,deacon_the_flesh_warps,
m_Type,start_round,
m_IsStallInvalidating,False,
element_end
element_start,deacon_the_flesh_warps,ActorDataEffects
performer_apply_limit_effects,deacon_the_flesh_warps_grant_melee_buff_e,deacon_the_flesh_warps_ranged_buff_start_e,
performer_apply_limit,1,
performer_after_target_effects,remove_1_logic_a,deacon_the_flesh_warps_manager_e,
element_end
