element_start,cultist_herald_corpse,ActorDataClass
m_Tags,corpse,monster,
m_IsBattleComplete,True,
m_ClearContainerTypes,BuffContainer,TokenContainer,DotContainer,
m_Size,1,
m_IgnoredSkillAttributeTypes,TOKEN_ADD,BUFF_ADD,QUIRK_ADD,
m_IsTickTriggerValid,False,
m_SkillBlockId,corpse,
m_DeathRound,3,
m_TokenViewValid,False,
m_IsEffectsReasonValid,False,
element_end
element_start,cultist_herald_corpse,ActorDataStats
key_map,health_max,
add_stats,9,
sub_stat,resistance,stun,0.2,
sub_stat,resistance,blight,0.1,
sub_stat,resistance,bleed,0.3,
sub_stat,resistance,burn,0.4,
sub_stat,resistance,disease,0.2,
sub_stat,resistance,move,0.2,
sub_stat,resistance,debuff,0.1,
element_end
element_start,cultist_herald,ActorDataClass
m_Tags,monster,cosmic,cultist,brain_blessing,lungs_blessing,eyes_blessing,arms_blessing,final_blessing,
m_Size,1,
m_IsTickTriggerValid,True,
m_IsStressTriggerValid,True,
m_IsStallCounted,True,
element_end
element_start,cultist_herald,ActorDataStats
key_map,health_max,speed,speed_number_of_turns,
add_stats,18,4,1,
sub_stat,resistance,stun,0.2,
sub_stat,resistance,blight,0.1,
sub_stat,resistance,bleed,0.3,
sub_stat,resistance,burn,0.4,
sub_stat,resistance,disease,0.2,
sub_stat,resistance,move,0.2,
sub_stat,resistance,debuff,0.1,
sub_stat,resistance,death,0,
element_end
element_start,cultist_herald,ActorDataEffects
spawn_effects,cultist_cardinal_bonus_resist_listener_e,cultist_cardinal_bonus_resist_remover_e,infernal_flame_deathblow_res_buff_e,
turn_skip_effects,stun_temp_resist_buff_e,
element_end
element_start,herald_first_trumpet,ActorDataSkill
m_IsFriendly,False,
launch_ranks,3,4,
target_ranks,3,4,
m_IsMultiHit,True,
m_CanBeRiposted,True,
m_AverageRankIgnored,False,
m_ValidActOutTypes,skill_before,skill_after,skill_additional,
m_Tags,ranged,herald_first_trumpet,
m_IsStallInvalidating,False,
element_end
element_start,herald_first_trumpet,ActorDataStats
key_map,health_damage,health_damage_range,crit_chance,
add_stats,3,2,0.05,
element_end
element_start,herald_first_trumpet,ActorDataEffects
target_effects,skill_dot_small_bleed,skill_dot_small_burn,
performer_effects,add_1_worship,
element_end
element_start,herald_clarion_call,ActorDataSkill
m_IsFriendly,False,
launch_ranks,3,4,
target_ranks,1,2,3,4,
m_IsMultiHit,False,
m_AverageRankIgnored,False,
m_ValidActOutTypes,skill_before,skill_after,skill_additional,
token_ignores,til_nondamaging_attack,til_ignore_crit,
m_Tags,ranged,herald_clarion_call,
m_IsStallInvalidating,False,
element_end
element_start,herald_clarion_call,ActorDataStats
key_map,
add_stats,
element_end
element_start,herald_clarion_call,ActorDataEffects
target_effects,stress_damage_2,destroy_2_positive_token,
performer_effects,add_1_worship,
element_end
element_start,herald_inversion,ActorDataSkill
m_IsFriendly,True,
m_IsFriendlySelfTargetValid,True,
launch_ranks,1,2,3,4,
m_IsMultiHit,False,
m_Cooldown,1,
m_AllConditionIds,enemy_party_has_3_or_more_negative_tokens,enemy_party_has_no_inversion_buff,run_boss_is_not_brain,run_boss_is_not_lungs,performer_cannot_worship,
m_AverageRankIgnored,False,
m_IsForced,True,
m_IsBlockPass,True,
m_Tags,herald_inversion,
m_IsStallInvalidating,False,
element_end
element_start,herald_inversion,ActorDataEffects
performer_effects,herald_inversion_buff_e,add_1_worship,move_backward_1,
performer_team_others_effects,steal_all_negative_tokens,
element_end
element_start,herald_harmonious_end,ActorDataSkill
m_IsFriendly,False,
launch_ranks,1,2,
target_ranks,1,2,
m_IsMultiHit,False,
m_CanBeRiposted,True,
m_AverageRankIgnored,False,
m_ValidActOutTypes,skill_before,skill_after,skill_additional,
m_Tags,ranged,herald_harmonious_end,
m_IsStallInvalidating,False,
element_end
element_start,herald_harmonious_end,ActorDataStats
key_map,health_damage,health_damage_range,crit_chance,
add_stats,3,3,0.05,
element_end
element_start,herald_harmonious_end,ActorDataEffects
performer_effects,add_1_worship_cultist_chance,move_backward_1,
element_end
element_start,herald_worship,ActorDataSkill
m_IsFriendly,True,
launch_ranks,1,2,3,4,
target_ranks,1,2,3,4,
m_IsMultiHit,False,
m_AllConditionIds,performer_can_worship,target_is_worshipped_cultist,
m_AverageRankIgnored,False,
m_IsForced,True,
m_IsBlockPass,True,
m_Tags,herald_worship,
m_IsStallInvalidating,False,
element_end
element_start,herald_worship,ActorDataEffects
target_effects,add_1_worship,heal_30pct,remove_all_dots,steal_2_negative_any,
performer_after_target_effects,remove_all_worship,
element_end

element_start,steal_2_negative_any,Effect
m_Chance,1,
m_TokenStealTags,negative,
m_TokenStealAmount,2,
element_end