element_start,cultist_cherub_corpse,ActorDataClass
m_Tags,corpse,monster,
m_IsBattleComplete,True,
m_ClearContainerTypes,BuffContainer,TokenContainer,DotContainer,
m_Size,1,
m_IgnoredSkillAttributeTypes,TOKEN_ADD,BUFF_ADD,QUIRK_ADD,
m_IsTickTriggerValid,False,
m_SkillBlockId,corpse,
m_DeathRound,3,
m_TokenViewValid,False,
m_IsEffectsReasonValid,False,
element_end
element_start,cultist_cherub_corpse,ActorDataStats
key_map,health_max,
add_stats,11,
sub_stat,resistance,stun,0.1,
sub_stat,resistance,blight,0.2,
sub_stat,resistance,bleed,0.2,
sub_stat,resistance,burn,0.2,
sub_stat,resistance,disease,0.2,
sub_stat,resistance,move,0.1,
sub_stat,resistance,debuff,0.2,
element_end
element_start,cultist_cherub,ActorDataClass
m_Tags,monster,cosmic,cultist,brain_blessing,lungs_blessing,eyes_blessing,arms_blessing,final_blessing,
m_Size,1,
m_IsTickTriggerValid,True,
m_IsStressTriggerValid,True,
m_IsStallCounted,True,
element_end
element_start,cultist_cherub,ActorDataStats
key_map,health_max,speed,speed_number_of_turns,
add_stats,14,8,1,
sub_stat,resistance,stun,0.1,
sub_stat,resistance,blight,0.2,
sub_stat,resistance,bleed,0.2,
sub_stat,resistance,burn,0.2,
sub_stat,resistance,disease,0.2,
sub_stat,resistance,move,0.1,
sub_stat,resistance,debuff,0.2,
sub_stat,resistance,death,0,
element_end
element_start,cultist_cherub,ActorDataEffects
spawn_effects,add_1_dodge_plus,cultist_cardinal_bonus_resist_listener_e,cultist_cardinal_bonus_resist_remover_e,infernal_flame_deathblow_res_buff_e,
turn_skip_effects,stun_temp_resist_buff_e,
element_end
element_start,cherub_enfeebling_miasma,ActorDataSkill
m_IsFriendly,False,
launch_ranks,3,4,
target_ranks,1,2,
m_IsMultiHit,False,
m_Cooldown,1,
m_CanBeRiposted,True,
m_AverageRankIgnored,False,
m_ValidActOutTypes,skill_before,skill_after,skill_additional,
m_Tags,ranged,cherub_enfeebling_miasma,
m_IsStallInvalidating,False,
element_end
element_start,cherub_enfeebling_miasma,ActorDataStats
key_map,health_damage,health_damage_range,
add_stats,1,1,
element_end
element_start,cherub_enfeebling_miasma,ActorDataEffects
target_effects,add_2_weak,stress_damage_1_25pct,
performer_effects,add_1_worship,
element_end
element_start,cherub_sightless_miasma,ActorDataSkill
m_IsFriendly,False,
launch_ranks,3,4,
target_ranks,3,4,
m_IsMultiHit,False,
m_Cooldown,1,
m_CanBeRiposted,True,
m_AverageRankIgnored,False,
m_ValidActOutTypes,skill_before,skill_after,skill_additional,
m_Tags,ranged,cherub_sightless_miasma,
m_IsStallInvalidating,False,
element_end
element_start,cherub_sightless_miasma,ActorDataStats
key_map,health_damage,health_damage_range,
add_stats,1,1,
element_end
element_start,cherub_sightless_miasma,ActorDataEffects
target_effects,add_1_blind,stress_damage_1_25pct,
performer_effects,add_1_worship,
element_end
element_start,cherub_horrific_miasma,ActorDataSkill
m_IsFriendly,False,
launch_ranks,3,4,
target_ranks,3,4,
m_IsMultiHit,False,
m_Cooldown,2,
m_CanBeRiposted,True,
m_AverageRankIgnored,False,
m_ValidActOutTypes,skill_before,skill_after,skill_additional,
m_Tags,ranged,cherub_horrific_miasma,
m_IsStallInvalidating,False,
element_end
element_start,cherub_horrific_miasma,ActorDataStats
key_map,
add_stats,
element_end
element_start,cherub_horrific_miasma,ActorDataEffects
target_effects,dot_horror_medium,
performer_effects,add_1_dodge_plus,add_1_worship,
element_end
element_start,cherub_brisk_bedevilment,ActorDataSkill
m_IsFriendly,False,
launch_ranks,1,2,
target_ranks,1,2,
m_IsMultiHit,False,
m_CanBeRiposted,True,
m_AverageRankIgnored,False,
m_ValidActOutTypes,skill_before,skill_after,skill_additional,
m_Tags,melee,cherub_brisk_bedevilment,
m_IsStallInvalidating,False,
element_end
element_start,cherub_brisk_bedevilment,ActorDataStats
key_map,health_damage,health_damage_range,crit_chance,
add_stats,1,1,0.05,
element_end
element_start,cherub_brisk_bedevilment,ActorDataEffects
performer_effects,add_1_worship_cultist_chance,move_backward_1,
element_end
element_start,cherub_worship,ActorDataSkill
m_IsFriendly,True,
launch_ranks,1,2,3,4,
target_ranks,1,2,3,4,
m_IsMultiHit,False,
m_AllConditionIds,performer_can_worship,target_is_worshipped_cultist,
m_AverageRankIgnored,False,
m_IsForced,True,
m_IsBlockPass,True,
m_Tags,cherub_worship,
m_IsStallInvalidating,False,
element_end
element_start,cherub_worship,ActorDataEffects
target_effects,add_1_worship,heal_30pct,remove_all_dots,add_1_dodge_plus,
performer_after_target_effects,remove_all_worship,
element_end
