element_start,cultist_altar_corpse,ActorDataClass
m_Tags,corpse,monster,
m_IsBattleComplete,True,
m_ClearContainerTypes,BuffContainer,TokenContainer,DotContainer,
m_Size,1,
m_IgnoredSkillAttributeTypes,TOKEN_ADD,BUFF_ADD,QUIRK_ADD,
m_IsTickTriggerValid,False,
m_SkillBlockId,corpse,
m_DeathRound,3,
m_TokenViewValid,False,
m_IsEffectsReasonValid,False,
element_end
element_start,cultist_altar_corpse,ActorDataStats
key_map,health_max,
add_stats,9,
sub_stat,resistance,stun,0.1,
sub_stat,resistance,blight,0.3,
sub_stat,resistance,bleed,0.4,
sub_stat,resistance,burn,0.2,
sub_stat,resistance,disease,0.2,
sub_stat,resistance,move,0.1,
sub_stat,resistance,debuff,0.1,
element_end
element_start,cultist_altar,ActorDataClass
m_Tags,monster,cosmic,altar,cultist,brain_blessing,lungs_blessing,eyes_blessing,arms_blessing,final_blessing,
m_Size,1,
m_IsTickTriggerValid,True,
m_IsStressTriggerValid,True,
m_IsStallCounted,True,
element_end
element_start,cultist_altar,ActorDataStats
key_map,health_max,speed,speed_number_of_turns,
add_stats,20,7,1,
sub_stat,resistance,stun,0.1,
sub_stat,resistance,blight,0.3,
sub_stat,resistance,bleed,0.4,
sub_stat,resistance,burn,0.2,
sub_stat,resistance,disease,0.2,
sub_stat,resistance,move,0.1,
sub_stat,resistance,debuff,0.1,
sub_stat,resistance,death,0,
element_end
element_start,cultist_altar,ActorDataEffects
spawn_effects,add_1_block,cultist_cardinal_bonus_resist_listener_e,cultist_cardinal_bonus_resist_remover_e,add_1_logic_a,infernal_flame_deathblow_res_buff_e,
turn_skip_effects,stun_temp_resist_buff_e,
actor_effect_triggers,altar_of_ambition_extra_initiative_aet,
element_end
element_start,cultist_altar,ActorDataExternalBuffs
buffs,
element_end
element_start,altar_altar_of_denial,ActorDataSkill
m_IsFriendly,True,
m_IsFriendlySelfTargetValid,True,
launch_ranks,1,2,3,4,
target_ranks,1,2,3,4,
m_IsMultiHit,True,
m_Limit,1,
m_AllConditionIds,run_boss_is_brain,performer_has_1_logic_a,
m_AverageRankIgnored,False,
m_IsForced,True,
m_IsBlockPass,True,
m_Tags,altar_altar_of_denial,
m_IsStallInvalidating,False,
element_end
element_start,altar_altar_of_denial,ActorDataEffects
target_effects,altar_of_denial_buff_e,altar_death_listener_e,
performer_after_target_effects,remove_1_logic_a,
performer_effects,add_1_worship,
element_end
element_start,altar_altar_of_rage,ActorDataSkill
m_IsFriendly,True,
m_IsFriendlySelfTargetValid,True,
launch_ranks,1,2,3,4,
target_ranks,1,2,3,4,
m_IsMultiHit,True,
m_Limit,1,
m_AllConditionIds,run_boss_is_lungs,performer_has_1_logic_a,
m_AverageRankIgnored,False,
m_IsForced,True,
m_IsBlockPass,True,
m_Tags,altar_altar_of_rage,
m_IsStallInvalidating,False,
element_end
element_start,altar_altar_of_rage,ActorDataEffects
target_effects,altar_of_resentment_buff_e,altar_death_listener_e,
performer_after_target_effects,remove_1_logic_a,
performer_effects,add_1_worship,
element_end
element_start,altar_altar_of_obsession,ActorDataSkill
m_IsFriendly,True,
launch_ranks,1,2,3,4,
target_ranks,1,2,3,4,
m_IsMultiHit,True,
m_Limit,1,
m_AllConditionIds,run_boss_is_eyes,performer_has_1_logic_a,
m_AverageRankIgnored,False,
m_IsForced,True,
m_IsBlockPass,True,
m_Tags,altar_altar_of_obsession,
m_IsStallInvalidating,False,
element_end
element_start,altar_altar_of_obsession,ActorDataEffects
target_effects,altar_of_obsession_buff_e,altar_death_listener_e,
performer_after_target_effects,remove_1_logic_a,
performer_effects,add_1_worship,
element_end
element_start,altar_altar_of_ambition,ActorDataSkill
m_IsFriendly,True,
m_IsFriendlySelfTargetValid,True,
launch_ranks,1,2,3,4,
m_IsMultiHit,False,
m_Limit,1,
m_AllConditionIds,run_boss_is_arms,performer_has_1_logic_a,
m_AverageRankIgnored,False,
m_IsForced,True,
m_IsBlockPass,True,
m_Tags,altar_altar_of_ambition,
m_IsStallInvalidating,False,
element_end
element_start,altar_altar_of_ambition,ActorDataEffects
target_effects,altar_of_ambition_buff_e,altar_death_listener_e,
performer_after_target_effects,remove_1_logic_a,
performer_effects,add_1_logic_b,
element_end
element_start,altar_altar_of_cowardice,ActorDataSkill
m_IsFriendly,True,
launch_ranks,1,2,3,4,
target_ranks,1,2,3,4,
m_IsMultiHit,True,
m_Limit,1,
m_AllConditionIds,run_boss_is_body,performer_has_1_logic_a,
m_AverageRankIgnored,False,
m_IsForced,True,
m_IsBlockPass,True,
m_Tags,altar_altar_of_cowardice,
m_IsStallInvalidating,False,
element_end
element_start,altar_altar_of_cowardice,ActorDataEffects
target_effects,altar_of_cowardice_buff_e,altar_death_listener_e,
performer_after_target_effects,remove_1_logic_a,
performer_effects,add_1_worship,
element_end
element_start,altar_azoic_end,ActorDataSkill
m_IsFriendly,False,
launch_ranks,1,2,3,4,
target_ranks,1,2,3,4,
m_IsMultiHit,True,
m_AllConditionIds,altar_is_last_man_standing,
m_AverageRankIgnored,False,
m_ValidActOutTypes,skill_before,skill_after,skill_additional,
m_Tags,ranged,altar_azoic_end,
m_MultiHitTargetLimit,2,
m_IsStallInvalidating,False,
element_end
element_start,altar_azoic_end,ActorDataStats
key_map,health_damage,health_damage_range,crit_chance,
add_stats,6,4,0.1,
element_end
element_start,altar_azoic_end,ActorDataEffects
performer_effects,instant_kill,
target_effects,stress_damage_3,
element_end
element_start,altar_buff_1,ActorDataSkill
m_IsFriendly,True,
launch_ranks,1,2,3,4,
target_ranks,1,2,3,4,
m_IsMultiHit,False,
m_AllConditionIds,altar_is_not_last_man_standing,target_is_not_corpse,
m_AverageRankIgnored,False,
m_Tags,altar_buff_1,
m_IsStallInvalidating,False,
element_end
element_start,altar_buff_1,ActorDataEffects
target_effects,add_1_block_if_run_denial,add_1_strength_if_run_resentment,remove_all_blind_if_run_obsession,remove_all_weak_if_run_ambition,remove_all_vulnerable_if_run_cowardice,add_1_block,
performer_effects,add_1_worship,
element_end
element_start,altar_buff_2,ActorDataSkill
m_IsFriendly,True,
launch_ranks,1,2,3,4,
target_ranks,1,2,3,4,
m_IsMultiHit,False,
m_Cooldown,2,
m_AllConditionIds,altar_is_not_last_man_standing,target_is_not_corpse,
m_AverageRankIgnored,False,
m_Tags,heal,altar_buff_2,
m_IsStallInvalidating,False,
element_end
element_start,altar_buff_2,ActorDataEffects
target_effects,hot_heal_super_massive,
performer_effects,add_1_block_plus,add_1_worship,
element_end
element_start,altar_worship,ActorDataSkill
m_IsFriendly,True,
launch_ranks,1,2,3,4,
target_ranks,1,2,3,4,
m_IsMultiHit,False,
m_AllConditionIds,performer_can_worship,target_is_worshipped_cultist,
m_AverageRankIgnored,False,
m_IsForced,True,
m_IsBlockPass,True,
m_Tags,altar_worship,
m_IsStallInvalidating,False,
element_end
element_start,altar_worship,ActorDataEffects
target_effects,add_1_worship,heal_30pct,remove_all_dots,
performer_after_target_effects,remove_all_worship,
target_apply_limit_effects,add_1_block,add_1_dodge,add_1_strength,
target_apply_limit,1,
element_end

element_start,hot_heal_super_massive,Effect
m_Chance,1,
m_DotAddId,heal_hot_super_massive,
m_DotAddAmount,1,
element_end