element_start,cultist_evangelist_corpse,ActorDataClass
m_Tags,corpse,monster,
m_IsBattleComplete,True,
m_ClearContainerTypes,BuffContainer,TokenContainer,DotContainer,
m_Size,1,
m_IgnoredSkillAttributeTypes,TOKEN_ADD,BUFF_ADD,QUIRK_ADD,
m_IsTickTriggerValid,False,
m_SkillBlockId,corpse,
m_DeathRound,3,
m_TokenViewValid,False,
m_IsEffectsReasonValid,False,
element_end
element_start,cultist_evangelist_corpse,ActorDataStats
key_map,health_max,
add_stats,13,
sub_stat,resistance,stun,0.4,
sub_stat,resistance,blight,0.2,
sub_stat,resistance,bleed,0.2,
sub_stat,resistance,burn,0.2,
sub_stat,resistance,disease,0.2,
sub_stat,resistance,move,0.4,
sub_stat,resistance,debuff,0.2,
element_end
element_start,cultist_evangelist,ActorDataClass
m_Tags,monster,cosmic,cultist,brain_blessing,lungs_blessing,eyes_blessing,arms_blessing,final_blessing,
m_Size,1,
m_IsTickTriggerValid,True,
m_IsStressTriggerValid,True,
m_IsStallCounted,True,
element_end
element_start,cultist_evangelist,ActorDataStats
key_map,health_max,speed,speed_number_of_turns,
add_stats,28,3,1,
sub_stat,resistance,stun,0.4,
sub_stat,resistance,blight,0.2,
sub_stat,resistance,bleed,0.2,
sub_stat,resistance,burn,0.2,
sub_stat,resistance,disease,0.2,
sub_stat,resistance,move,0.4,
sub_stat,resistance,debuff,0.2,
element_end
element_start,cultist_evangelist,ActorDataEffects
spawn_effects,add_1_block_plus,cultist_cardinal_bonus_resist_listener_e,cultist_cardinal_bonus_resist_remover_e,add_1_deaths_door_armor,add_1_deaths_door_infernal_flame,
turn_skip_effects,stun_temp_resist_buff_e,
deaths_door_exit_effects,add_1_deaths_door_armor,
element_end
element_start,evangelist_blood_commune,ActorDataSkill
m_IsFriendly,False,
launch_ranks,1,2,
target_ranks,1,2,
m_IsMultiHit,False,
m_CanBeRiposted,True,
m_AverageRankIgnored,False,
m_ValidActOutTypes,skill_before,skill_after,skill_additional,
m_Tags,melee,evangelist_blood_commune,
m_IsStallInvalidating,False,
element_end
element_start,evangelist_blood_commune,ActorDataStats
key_map,health_damage,health_damage_range,crit_chance,
add_stats,3,3,0.1,
element_end
element_start,evangelist_blood_commune,ActorDataEffects
target_effects,skill_dot_medium_bleed,stress_damage_1_75pct,
performer_effects,add_1_worship,
element_end
element_start,evangelist_blood_bond,ActorDataSkill
m_IsFriendly,False,
launch_ranks,1,2,
target_ranks,1,2,
m_IsMultiHit,True,
m_CanBeRiposted,True,
m_AverageRankIgnored,False,
m_ValidActOutTypes,skill_before,skill_after,skill_additional,
m_Tags,melee,evangelist_blood_bond,
m_IsStallInvalidating,False,
element_end
element_start,evangelist_blood_bond,ActorDataStats
key_map,health_damage,health_damage_range,crit_chance,
add_stats,2,3,0.05,
element_end
element_start,evangelist_blood_bond,ActorDataEffects
target_effects,skill_dot_small_bleed,add_1_blind_25pct,
performer_effects,add_1_worship,
element_end
element_start,evangelist_nocturne_commune,ActorDataSkill
m_IsFriendly,True,
m_IsFriendlySelfTargetValid,True,
launch_ranks,1,2,
m_IsMultiHit,False,
m_Cooldown,1,
m_AverageRankIgnored,False,
m_Tags,evangelist_nocturne_commune,
m_IsStallInvalidating,False,
element_end
element_start,evangelist_nocturne_commune,ActorDataEffects
performer_effects,add_1_crit,add_1_block_plus,add_1_worship,
element_end
element_start,evangelist_rush_judgement,ActorDataSkill
m_IsFriendly,False,
launch_ranks,3,4,
target_ranks,1,2,3,4,
m_IsMultiHit,False,
m_CanBeRiposted,True,
m_AverageRankIgnored,False,
m_ValidActOutTypes,skill_before,skill_after,skill_additional,
m_Tags,melee,evangelist_rush_judgement,
m_IsStallInvalidating,False,
element_end
element_start,evangelist_rush_judgement,ActorDataStats
key_map,health_damage,health_damage_range,crit_chance,
add_stats,2,1,0.05,
element_end
element_start,evangelist_rush_judgement,ActorDataEffects
performer_effects,add_1_worship_cultist_chance,move_forward_1,
element_end
element_start,evangelist_worship,ActorDataSkill
m_IsFriendly,True,
launch_ranks,1,2,3,4,
target_ranks,1,2,3,4,
m_IsMultiHit,False,
m_AllConditionIds,performer_can_worship,target_is_worshipped_cultist,
m_AverageRankIgnored,False,
m_IsForced,True,
m_IsBlockPass,True,
m_Tags,evangelist_worship,
m_IsStallInvalidating,False,
element_end
element_start,evangelist_worship,ActorDataEffects
target_effects,add_1_worship,heal_30pct,remove_all_dots,add_1_block_plus,
performer_after_target_effects,remove_all_worship,
element_end
